location,content,rating,date,rating_num,dates
Sindhu_Market,"We love to eat at food courts and night markets and this one did not disappoint. Approximately 15 different stalls serving a variety of foods. Started with chicken satay sticks which were very tasty. A little on the small side, but at only $1.50 for 10 sticks how can you go wrong. Usual Nasi Goreng and Mie Goreng for under $3 but our new favourite meal is Tami Goreng which is mixed veges and chicken over fried noodles. We went three out of the 6 nights we were in Sanur and because my husband had left something behind at the hotel we also came back to the area after a day trip to Ubud and went to the market again. Also recommend the banana fritters, especially if they are freshly cooked.",4.0 of 5 bubbles,"March 18, 2020",4,2020-03-18
Sindhu_Market,"This is a small night market where you can buy freshly made and cooked foods such as nasi campur, nasi goreng, delicious home made Indonesian sweet foods, chicken, curry, dumplings and much more. Value for money and worth the taste. The seating consists of tables with small plastic stools for seating.",4.0 of 5 bubbles,"February 29, 2020",4,2020-02-29
Sindhu_Market,"A great place to visit to get out of the restaurant-after-restaurant-cycle.No fuss night time food market that has all the usual stalls... satays, soups, nasi goreng, mee goreng etc... great value and is somewhere we always return back to.Tried some mixed satays but have to say the lamb skewers were pretty dodgy. Soups looked amazing but couldn't get a seat throughout the night.Absolute highlight was a chocolate pancake thingy that was less than AU$1",4.0 of 5 bubbles,"February 17, 2020",4,2020-02-17
Sindhu_Market,"Went to this market based on trip advisor reviews, it was exactly as we expected. Small with roughly about 15 eateries. We chose to try a few different smaller bites. Satay chicken was yummy but a 40 minute wait to order and we  were the 1st in line, all the locals get fed 1st they don‚Äôt wait in line and they just keep turning up. There was also very little chicken on each skewer, 10 skewers per serve for $1.50.We also went to the fried food stall with spring rolls fried banana, fried beans donuts etc got 17pieces for $1.70 an absolute bargain and also all delicious, especially the fried coconut donut...omg. I also got the fresh juice of banana and dragon, also absolutely delicious . All up dinner cost for both of us $8.80 which included all the above plus a Bintang.My husband and I both left feeling so full. Simple no fuss and delicious. If we were staying longer we would definitely eat here every night.",4.0 of 5 bubbles,"February 10, 2020",4,2020-02-10
Sindhu_Market,Have walked around the night market looking at the different foods on offer many times when in Sanur over the past few years but have never been game enough to eat there until now.After reading other reviews we decided it was time to give it a go and for $5 my wife and myself each enjoyed a lovely good serving of nasi campur. Will for sure eat there again.,5.0 of 5 bubbles,"February 6, 2020",5,2020-02-06
Sindhu_Market,Was a bit hesitant about eating here but the first warung on the right when you go through the entrance was fantastic.  Meal cost about $2 and was seriously the best meal I had the whole time in Bali!,5.0 of 5 bubbles,"February 5, 2020",5,2020-02-05
Sindhu_Market,"Went there for dinner, and a vast array of authentic cart food, good to try all different types of food and cheap.",4.0 of 5 bubbles,"February 4, 2020",4,2020-02-04
Sindhu_Market,"Awesome cheap traditional fresh Indonesian food, great vibe! We ate there every night while in Sanur . Must get the banana fritters dusted with icing sugar YUM!!",5.0 of 5 bubbles,"January 28, 2020",5,2020-01-28
Sindhu_Market,"Most of them are indonesian street food, such as satae, gulai, indonesian home cooking, soto, indonesian pastry, balinese pastry, gado-gado (indonesian salad with peanut sauce), fresh fruit (cut and juice), jamu, etc. The cart, how they dressed, the plate, the table and chair are just simply like we used to get in the streets. Even the price also super cheap. But the quality is good.",4.0 of 5 bubbles,"January 20, 2020",4,2020-01-20
Sindhu_Market,We go here often and still the best value in Sanur for more authentic food. Don't be afraid to eat at this market. The local cuisine here is awesome and cheap. We often go to Ihu du seafood down the back right hand corner. You pick your fish or seafood and the ladies take it down to the gent who I reckon is the Bali master of open grill. Never have I had a crappy prawn and my better half goes the local snapper every time. The ladies do great veggies and rice and will even go and get you a bintang. Love these guy's and love this market. Do yourself a favour!! 9/10,5.0 of 5 bubbles,"January 11, 2020",5,2020-01-11
Sindhu_Market,"If you want to try local eats, then this place is a must! Enjoy a wide array of local food options, including satay (grilled meat sticks), bokso (meatball soup), curries and more! Expect to spend $3 - $8 USD per person.",4.0 of 5 bubbles,"January 10, 2020",4,2020-01-10
Sanur_Beach,"Lovely clean and safe beach ,yellow sands a few front  hotel and bars,,can use it as a short cut to the high street highly recommend to come",5.0 of 5 bubbles,"November 29, 2021",5,2021-11-29
Sanur_Beach,"This is a pier in the eastern part of the island. If you want to go to the islands around Bali like Nusa lembongan,Nusa penida..., you have to take a boat, sea bus and ...from here. We booked a day tour of penida island from inside the hotel, which started from here. It was not a big pier, it looked more like a local pier, and there were a number of stalls around it.",3.0 of 5 bubbles,"September 18, 2021",3,2021-09-18
Sanur_Beach,"A welcomed contrast to the busy Seminyak. Sanur is calm & tranquil. The water is still, waves are broken by the reef allowing swimming & fishing to take place. Cute little boats are moored up & cafes & restaurants lead out onto the paradise beach. Will definitely come back :)",5.0 of 5 bubbles,"September 4, 2021",5,2021-09-04
Sanur_Beach,"It‚Äôs been a very popular place for local, domestic, and international travellers since ages. A clean beach with a nice pathway for running and some interesting cafes and restaurants are also available.",5.0 of 5 bubbles,"May 17, 2021",5,2021-05-17
Sanur_Beach,"Instead of Batur, This is best one of place in the bali to enjoy a sunrise, it's Sanur beach,i love this place on the sunrise time and the foods of the hawker around there,Maybe I'll come to Sanur beach to feel that atmosphere againIn this is the picture that I taked in Sanur beach#baliissafe",5.0 of 5 bubbles,"April 28, 2021",5,2021-04-28
Sanur_Beach,Definitely a beach to visit.  Nice street life and home to the more laidback elderly tourist .  Highly recommended.,5.0 of 5 bubbles,"January 17, 2021",5,2021-01-17
Sanur_Beach,"Beautiful beach, the beach is clean There is a port to Nusa, The beach is calm and bustling, Thank you",3.0 of 5 bubbles,"January 6, 2021",3,2021-01-06
Sanur_Beach,Many pass through Sanur on their way to catch a boat to Nusa Penida. The average age of the expats and other tourists in this town is higher than elsewhere in Bali. This retiree atmosphere lends an all encompassing sense of calm and relaxation to Sanur beach. Lounge about on the sand or pop in to Casablanca's for a drink and a bit of music.,4.0 of 5 bubbles,"November 16, 2020",4,2020-11-16
Sanur_Beach,Great place for sunrise. Enjoyed walking on the beach early (6 AM) for sunrise.  Afternoon it was too busy.,4.0 of 5 bubbles,"November 6, 2020",4,2020-11-06
Sanur_Beach,"Don't get wrong. If you want to  play with the kids at the sandy beach, do not go to Sanur. Yeah but if you want to dine at the mouth of Bali water sea fronts, at the various graded restaurants from the local to the international, from the budget to the fancy, from the West to the East, then Sanur is the place. Also Sanur is a great place to start learning surfing. There are many surfing classes and facilities which will enrich your Bali experiences.",4.0 of 5 bubbles,"September 14, 2020",4,2020-09-14
Sanur_Beach,"Lovely clean, safe beach. Yellow sands, a few hotels and bars dotted along the front. Can use it as a short cut to the high street",5.0 of 5 bubbles,"August 31, 2020",5,2020-08-31
Sanur_Beach,"This beach was crowded, we had to walk a fair bit before we found somewhere to sit. There was a lot of garbage as well.",3.0 of 5 bubbles,"July 19, 2020",3,2020-07-19
Sanur_Beach,"Post lunch it was time to head to the beach, the sanur beach was clean and photogenic. You can rent the beach chairs and relax.",4.0 of 5 bubbles,"May 4, 2020",4,2020-05-04
Sanur_Beach,"The sanur beach was very good the first week. The beds wasn't too expensive and it was room to lay straight on the sand if we wanted. A little bit trash here and there. The second week on the other hand was not as nice. The front sunbeds was reserved for guests of some hotels which were annoying since a lot of them stood empty. And it was so much trash coming in from the ocean that it was a little bit disgusting to bathe. The beach had little trashcans so if you wanted to do a good deed and pick up trash, it wasn't too easy to throw it away. But the first week we were there it was very nice.",3.0 of 5 bubbles,"April 27, 2020",3,2020-04-27
Sanur_Beach,"Its segara beach sanur. Beautiful sunrise, no wave, perfect time to social distancing We can swim and sun bathing while enjoy the beautiful mount agung",5.0 of 5 bubbles,"April 13, 2020",5,2020-04-13
Sanur_Beach,"You‚Äôll find quiet beaches but also all kind of water sports available there. From SUP to jetski. If you‚Äôre looking for something specific just ask the locals around, they always whiling to help :)",5.0 of 5 bubbles,"March 28, 2020",5,2020-03-28
Sanur_Beach,Sanur beach was one of the nicer beaches we visited in Bali. It was pretty clean and had beautiful views of the Nusa islands and Mount Agung. It wasn‚Äôt flooded with people like Kuta or Seminyak.,5.0 of 5 bubbles,"March 15, 2020",5,2020-03-15
Sanur_Beach,Very clean beach relaxing and peaceful can‚Äôt wait to go back. Great for both family and elderly as well Not to crowded,5.0 of 5 bubbles,"March 14, 2020",5,2020-03-14
Sanur_Beach,Not sure if it was due to storms etc but it was gross and not worth going with kids. We had heard so much about it and was disappointed. Not sure if it‚Äôs better at the other end but this was the market end. The sand looks nice from a distance but it‚Äôs not and the water in the pic is dirty and full of rubbish,1.0 of 5 bubbles,"March 13, 2020",1,2020-03-13
Sanur_Beach,"Love the beach boardwalk which stretches for miles, lined with shops, restaurants, massages, tour operators, sunbed guys and the lovely local fishing/tourist boats.  You can dine instil or have simple grilled fish and a corn on the cob from the warring net to the turtle conservation canter. The only bugbear can occasionally be the risk of being run over by a cyclist!  It is very quiet, traffic free,apart from the bikes and it's easy to find a quiet spot under a tree with a book. This is our third visit and I've  yet to actually go in the sea, once you've seen it at low tide with all the (I suppose) sewage and waste water pipes laid along the seabed it takes the blowoff. This is why only 4 stars from me.",4.0 of 5 bubbles,"March 12, 2020",4,2020-03-12
Sanur_Beach,"No surf at Sanur but the water is cleaner with less pollution than Seminyak, Legian etc.No beach chairs or umbrellas to hire unless your staying at one of the 5 star resorts on the beach.Sanur is quieter than the other side of the island. Still plenty of good restaurants, cheap and expensive.Great place to stay",4.0 of 5 bubbles,"March 11, 2020",4,2020-03-11
Sanur_Beach,"Clean and nice special the place ""Memories Sanur"" is absolute the best to be on the beach. Friendly and helpfull people",5.0 of 5 bubbles,"March 11, 2020",5,2020-03-11
Sanur_Beach,"Lovely clean beach, water was crystal clean, beach and sand clean, you could relax and suntan, read a good book, snorkel",5.0 of 5 bubbles,"March 5, 2020",5,2020-03-05
Sanur_Beach,A great part of bali definitely worth a visit we have been going here for a number of years  great beach great restaurants  lovely area,5.0 of 5 bubbles,"March 2, 2020",5,2020-03-02
Sanur_Beach,"A good beach but at low tide it dries out right to the reef, there are loads of sea urchins, so do take care at low tide",4.0 of 5 bubbles,"March 2, 2020",4,2020-03-02
Sanur_Beach,It‚Äôs a nice area without the Kuta crowds. The water is great and the beach is wonderful. Don‚Äôt hesitate to go. It‚Äôs a great place to hangout for a day,5.0 of 5 bubbles,"March 1, 2020",5,2020-03-01
Sanur_Beach,"Quiet peaceful part of Denpasar, less people, local feel, definitely no night clubbing, no beach babes and no surfers. Loved that! The beach is dotted with small eateries and very chill bars, so you will get your cold beer and meal. Sunset was amazing here too. And after the closing time, we ended up drinking with the staff of our bar. Fun :)",5.0 of 5 bubbles,"March 1, 2020",5,2020-03-01
Sanur_Beach,"It's a very beautiful area, but it's a crowded base of hotels, the walk is very narrow, in the shops are overwhelming you all the time to enter to consume, all too made for the tourist, but obviously remains beautiful, the water is crystal clear and very hot.",4.0 of 5 bubbles,"March 1, 2020",4,2020-03-01
Sanur_Beach,"When we were headed to Bali, we knew beaches a re not great, so didn't have much expectations. Sanur beach is calm and easier for kids, but there was lot of sea weed and some garbage which kind of ruined the experience. if you have been to Thai beaches, this will not impress you. Still you can make a day out of it. There is good pathway along the beach where you can take a stroll.",3.0 of 5 bubbles,"March 1, 2020",3,2020-03-01
Sanur_Beach,"We have been here in the rainy season, so the proof of the water quality could be seen best.The sand is sprinkled with plastic. The water is brown from the illegally spilled waste water and there is a smell from the algee, that really states stay in the hotel pool.There are quite some people swimming here, but we decided not to go to avoid skin rashes.",2.0 of 5 bubbles,"February 26, 2020",2,2020-02-26
Sanur_Beach,"This is a really well setup relaxed tourist area in Bali with many hotels, restaurants, and adventure activities within easy access. We stayed in Seminyak on this trip and visited Samoa beach. I will be staying on Sanur Beach next time, not hectic sellers and nightlife more laid-back beachside holiday.",5.0 of 5 bubbles,"February 25, 2020",5,2020-02-25
Sanur_Beach,"The grounds of our hotel spilled out onto this beach and we loved it. We spent time in the morning, noon and night and enjoyed every minute.There really is something for everyone. There are little beach clubs where you can rent sun loungers for not much money and they usually have a restaurant attached to them.In fact, you won‚Äôt go short of anything to eat or drink as there are lots of bars, restaurants and shops to get refreshments.The beach itself is very long and pretty clean. We did loads of walks on it and got good exercise whilst enjoying the beautiful views.",4.0 of 5 bubbles,"February 24, 2020",4,2020-02-24
Sanur_Beach,Calm beach for children but not so clean water like I expect it.Sometimes the colour is brown and has plastics outside.Many choices for waters activities.Also many restaurants and cafeterias.,3.0 of 5 bubbles,"February 23, 2020",3,2020-02-23
Sanur_Beach,You‚Äôll be jet lagged anyway so use that early wake up time to check out the sunrise from Pantai Sindhu beach. It‚Äôs well worth it üëå.,5.0 of 5 bubbles,"February 22, 2020",5,2020-02-22
Sanur_Beach,"If you want a nice clean beach to swim in Bali then Sanur is it! This part is not for partying it is much quieter than Seminyak and Kuta but it is nice, clean and relaxing.",4.0 of 5 bubbles,"February 20, 2020",4,2020-02-20
Sanur_Beach,"We were impressed with Sanur beach. Much nicer than Legian, Kuta. Clean beach with few waves. Great for children. And you don‚Äôt get harassed by 10 people selling you things. It‚Äôs quiet and we will be back to Sanur for sure",5.0 of 5 bubbles,"February 17, 2020",5,2020-02-17
Sanur_Beach,Traveled to bali with a friend who is a bali seasoned traveler. We stayed at swastika guesthouse for under $300 aus a week. Spend most of our time at sand bar. We went to kuta for a day trip and couldn't wait to get out of there and get back to sanur,5.0 of 5 bubbles,"February 14, 2020",5,2020-02-14
Sanur_Beach,"at 85 & 75 we are heading of again starting with Inna Sindhu"" at SANUR, for possibly the 6-7th time, the new dining room overlooking the sea & the beach lounges so close,the many coffee shops with 3 bakeries close by with a HUGE variety of pastries & breads,restaurants by the dozen & the promenade -well you have it all-right there, which suit us older travellers, and they do look after us so well., we normally stay there folr 3 weeks.before travelling to Malaysia-then return to bali after 2-3 weeks.",5.0 of 5 bubbles,"February 11, 2020",5,2020-02-11
Sanur_Beach,Great for long walks and nicer than Kuta areaDotted with great restaurants and bars to quench your thirstMorning yoga is always a great way to start you day,5.0 of 5 bubbles,"February 11, 2020",5,2020-02-11
Sanur_Beach,"We enjoyed walking on the ""boardwalk"" and shopping, and spent time at the Sand Beach Bar which had very good food and excellent service.",4.0 of 5 bubbles,"February 6, 2020",4,2020-02-06
Sanur_Beach,"Sanur is famous because of the sunrise. So many hotels here where you can book. Just wake up in the morning, then wait the sun. So beautiful.",5.0 of 5 bubbles,"February 6, 2020",5,2020-02-06
Sanur_Beach,"Nice beach, lots of opportunities for food and service, observe your surroundings closely. Hmmm. Parts of the beach are more Indonesian, and some parts are more touristy. We enjoyed our visit and felt very safe as we walked, stopped, enjoyed a libation, and walked!",3.0 of 5 bubbles,"February 3, 2020",3,2020-02-03
Sanur_Beach,"My husband and I experienced two ends of the beach as we stayed in two locations.  There is a long walkway all along the beach from the end where the markets are to the quieter end.  This can be walked, run or cycled and is a joy.  There are street vendors but they will only ask you once and leave you alone.  Looking out to the calm  sea full of local boats and listening to the whisper of the waves against the shore.  What is not to love.",5.0 of 5 bubbles,"February 2, 2020",5,2020-02-02
Sanur_Beach,The beach in front of the Hyatt Regency is stunning. Very clean with clear water. Also being a private beach you do not get hassled by sellers.,5.0 of 5 bubbles,"February 1, 2020",5,2020-02-01
Sanur_Beach,"Long clean beach with a great path good for walking and a morning run, excellent to watch the Sun Rise.",5.0 of 5 bubbles,"February 1, 2020",5,2020-02-01
Sanur_Beach,This beach was really nice. The sand had a more golden colour compared to Kuta. Lots of restaurants to eat at. Very small waves so not good for surfing but great for swimming.,4.0 of 5 bubbles,"January 30, 2020",4,2020-01-30
Sanur_Beach,"It was a pleasure to go for long long walks along Sanur beaches , beautiful scenes , clear water, and clean beaches. Pathways along beaches are great and good to walk along sand and water.",5.0 of 5 bubbles,"January 30, 2020",5,2020-01-30
Sanur_Beach,"Go for a walk jog or cycle on the promenade in the morning , consider one of the numerous bars with extensive and different happy hour options. Watch or eat as the day turns to night with vistas to Nusa Penida.This is what a relaxed tropical holiday is about.",4.0 of 5 bubbles,"January 27, 2020",4,2020-01-27
Sanur_Beach,"Lovely beach to sit and watch the activity on the water, enjoy a meal and drinks on the sand.  Beautiful at night as well when the restaurants and hotels are lit along the beach.",4.0 of 5 bubbles,"January 26, 2020",4,2020-01-26
Sanur_Beach,"Simply lovely. Was nice strolling along the beach and having ""a few"" options for street corn and peanuts with drinks",5.0 of 5 bubbles,"January 26, 2020",5,2020-01-26
Big_Garden_Corner,Entrance fees are divided into two as local and tourist. and I guess the menu is different for tourists and locals.,1.0 of 5 bubbles,"August 3, 2020",1,2020-08-03
Big_Garden_Corner,We visit this beautiful garden on every trip as they constants update and change the garden its so creative with the use of upcycling,5.0 of 5 bubbles,"May 27, 2020",5,2020-05-27
Big_Garden_Corner,"Don't be mislead by the picture of a children's play pool. This was a lovely little garden that had many parts.  Throughout there were statues  of Hindu gods, but there were also many other things.  There were sculptures of different styles, and a butterfly garden and a cafe which served banana fritters whch came with the price of admission.  While we waited for our fritters, there was a woman selling oils who offered free massages!",4.0 of 5 bubbles,"April 22, 2020",4,2020-04-22
Big_Garden_Corner,"Our first place we visited after arriving in Bali the night before. Taxi driver wasnt sure where it was until i showed him on the map, he ended up staying for 2 hours waiting for us to take us back to hotel. Kids enjoyed it and was amazed with all the things to see. Didnt know about the water park bit so didnt have our swimming stuff.",4.0 of 5 bubbles,"March 30, 2020",4,2020-03-30
Big_Garden_Corner,"My 4yo enjoyed walking around, especially the butterflies. The indoor play area was handy for my 1yo whilst my 4yo swam, but it was quite dirty. The splash zone was nice to cool off in. Kids were free.",4.0 of 5 bubbles,"March 16, 2020",4,2020-03-16
Big_Garden_Corner,"This is close to Sanur and easy to find. The gardens are beautiful. We did not use the pool / kids area this visit. The added prices for small things inside should be discontinued. ie pay to sit on a 'nest' which you would only do for a quick  photo. Worth a look, good area for kids in the pool. Also good for those who like to take photos.",4.0 of 5 bubbles,"March 14, 2020",4,2020-03-14
Big_Garden_Corner,Place recommended by a friend who hadn‚Äôt been there in a couple of years - think he would have been shocked by the entry fee which is now 150K- also gets you a fried banana fritter with entry - we were fairly underwhelmed expecting more of a variety of statues- the re cycled plastics ones were interesting - lots of spots if you like doing Instagram pictures of self and friends. Would be fun for small children at water park end but I‚Äôd agree with previous comments- save your money. I‚Äôd have rather spent time browsing a little further down the road in one of the many statue outlets -,2.0 of 5 bubbles,"March 10, 2020",2,2020-03-10
Big_Garden_Corner,Welk worth a days outing for all ages Plenty to see and do out of this worldPlenty of nice places to eat,5.0 of 5 bubbles,"March 5, 2020",5,2020-03-05
Big_Garden_Corner,"While traveling to sanur beach,there is a place that is quite interesting.because this places has lots of interesting selfie spots.this places named big garden corner,to enter there we must pay 50k thaousand rupiah per person dan we get free soft drinks.this place also have restoran,swimming pool and much another facilities.so this place enough recommened for you guys.",4.0 of 5 bubbles,"February 28, 2020",4,2020-02-28
Big_Garden_Corner,What a lovely experience. Would be a great spot for kids. Great displays easy to walk around with a waterpark for the kids to play and cool off.,4.0 of 5 bubbles,"February 9, 2020",4,2020-02-09
Big_Garden_Corner,"When to these gardens and wasnt sure what to expect as we had only ever seen photos.  Beautfiul gardens and very creative structures of animals and fauna.  We went early in the morning when it was cooler and not so busy.  Ideal for all, definately suggest a visit.",5.0 of 5 bubbles,"January 26, 2020",5,2020-01-26
Big_Garden_Corner,We went for lunch and it is lovely. The entry is now 150 rupiah per adult but this included a banana fritter and a good neck and shoulder massage. The gardens are great with plenty of shade and the sculptures are amazing.,5.0 of 5 bubbles,"January 18, 2020",5,2020-01-18
Big_Garden_Corner,The garden was good to explore some pretty impressive statues and art. But the entry cost was very pricy for what it included. Water park was poorly maintained and had dirty water.,2.0 of 5 bubbles,"January 7, 2020",2,2020-01-07
Big_Garden_Corner,"10 times cheaper it would make senseSmall garden with some statues, trees and few children activities. Just a stop on a busy road in Bali for 30-45 minutes maximum.450K for a family of 3 is ridiculous for what they offer.Avoid.",1.0 of 5 bubbles,"January 5, 2020",1,2020-01-05
Big_Garden_Corner,"No chance to take picture outdoor as it is overcrowded. The water play and indoor playground are small, dark and dirty. The fee of Rp. 100k for water play and indoor playground are not worth it. They charge lower for local. It looks very popular for local, but not suitable for tourist.",2.0 of 5 bubbles,"January 2, 2020",2,2020-01-02
Sindhu_Beach,"Not many people, great view, cafe nearby, most of all, you can see lots of diverse fish when you‚Äôre snorkling here. Don‚Äôt need to go far, just go to the point where seaweed is long enough. There are even some big fishes.",5.0 of 5 bubbles,"September 4, 2021",5,2021-09-04
Sindhu_Beach,The is a wonderful boardwalk with many eateries and beautiful beaches....hard to beat.   Can rent a chair if you want to swim. Some restaurants let you use chair on the beach for free if you order food or a drink.f,5.0 of 5 bubbles,"August 29, 2020",5,2020-08-29
Sindhu_Beach,There are many beaches in this area and this one was rank as one of our favourites. It is a really laid-back place with an authentic feel about it and the locals seem to enjoy their time there as well as tourists.There are tons of places to get food and drink and often for not very much money at all. It is very flat for walking and the sea is very calm.,4.0 of 5 bubbles,"February 24, 2020",4,2020-02-24
Sindhu_Beach,"Really nice stretch of beach with a heap happening. Warungs, bars, restaurants, hotels and cafes. Would definitely recommend exploring by bike along the bike path over than walking as there is so much to see.",5.0 of 5 bubbles,"February 17, 2020",5,2020-02-17
Sindhu_Beach,Shindu Beach is one of there most relaxing and laid back areas in Sanur. Panoramic views along the coast line and beautiful beach. Take in a restaurant on. the beach or take a stroll into the market to find a bargain.,4.0 of 5 bubbles,"January 10, 2020",4,2020-01-10
Pura_Tirta_Empul_Segara_Merta_Sari,"We were taken by our friends a whole family Mum, Dad and 3 kids and they explained everything along the way making sure we had the best experience",4.0 of 5 bubbles,"May 27, 2020",4,2020-05-27
Pura_Tirta_Empul_Segara_Merta_Sari,"This Temple is where I must visit every time I am in Bali. a very busy place where Balinese regularly come to pray and to wash in teh sacred waters. can be very busy at times and you can wait in line, in the water for over an hour. everyone very friendly , quiet and patient. Just love this place and the temples behind where we pray as well.",5.0 of 5 bubbles,"February 19, 2020",5,2020-02-19
Pura_Tirta_Empul_Segara_Merta_Sari,"Great experience.  Take a sarong!  If you're older, overweight or unfit, it may be a challenge to get in and out of the water, as the steps is very high and slippery!  Be careful.  Recommend.",5.0 of 5 bubbles,"February 7, 2020",5,2020-02-07
Pura_Tirta_Empul_Segara_Merta_Sari,"The guide was very nice to us. He was there every step of the way. The place is very sacred. We felt good after the holy bath.The entire cultural experience was great. What we just did not like was on our way out, the fruit vendors somewhat force tourists to buy the fruit.",4.0 of 5 bubbles,"February 6, 2020",4,2020-02-06
Pura_Tirta_Empul_Segara_Merta_Sari,Great experience with cultures worshipping in the endless supply of spring water  Many water showers for blessings are here The only down fall is when leaving your funnelled to the markets with rude arrogant store holders Won‚Äôt go back here for that reason Like coyotes on a baby lamb ü§¨ü§¨ü§¨,3.0 of 5 bubbles,"January 27, 2020",3,2020-01-27
Pura_Tirta_Empul_Segara_Merta_Sari,"I like the pool which we can do purification, cool fresh water with fish around us during take a bath in the pool. nice atmosphere and very peaceful.",5.0 of 5 bubbles,"January 21, 2020",5,2020-01-21
Hardy_s_Sanur,"Came here many time.it is the biggest supermarket in sanur.last time i came here in June 2019.that time i purchased some drinks,tissue papers and also bought a book from periplus bookstore.not sure if the price here good or not,but i dislike their policy,that is you must keep your bag at their counter.i normally love to bring a bag with me,i can put my wallet,mobile phones, passport,etc into it.so i think it is not customer friendly.that time i have to bring my tote bag,put my valuables into it,and store my bag at the counter,then i can go inside.now heard that it was renamed, maybe next time will go there to have a look.",4.0 of 5 bubbles,"May 31, 2020",4,2020-05-31
Hardy_s_Sanur,"The store was rebranded recently and now goes under the name Artesadana. We popped in the other day  - 2 security men on the door busy with their phones. No sanitiser or temperature checks. We wanted some wine and saw a brand that we like advertised on a roll up outside the wine shop. Went in to look but not only didn't they have any of the brand advertised but the lethargic young man couldn't see why it was not a good idea to be advertising it as they didn't have it. They do have lovely fish but the veggies all packed in plastic leave to be desired. We couldn't buy batteries for heaven sake either.Went back again today as we were passing and again no sanitiser despite there being a little table  where it should have been and a sign saying to sanitise hands. When we mentioned it we got a shrug and a "" no have, run out.""  Inside the store there was one tiny hand sanitiser on one of the checkouts.  We were again met with a shrug when we mentioned the disregard of safety advice. Won't go again. We'll use Popular who always have sanitiser and who clean the trolleys.",2.0 of 5 bubbles,"May 12, 2020",2,2020-05-12
Hardy_s_Sanur,"Has changed names and prices for clothes are a lot dearer than before, nearly double to what you can get on the street for same items.. toilets are still same make sure you have tissues or wipes as you only have water hose lol haha.. not worth the visit unless you need some food and essentials..",2.0 of 5 bubbles,"March 9, 2020",2,2020-03-09
Hardy_s_Sanur,We have been to Hardy's many times and always did our shopping there but no more. This trip we found it to be very expensive and poor quality.the grocery section was very smelly and staff are not helpful or friendly at all. Sadly we will not return but will go to Coco mart or popular mart. We found that souvenirs were cheaper in matahari in Kuta and a lot better quality and choice.,1.0 of 5 bubbles,"March 3, 2020",1,2020-03-03
Hardy_s_Sanur,"This is a store we have used a lot over the years but we weren‚Äôt impressed this time. The stock seems to be of poor quality and the variety not great.Also, it isn‚Äôt cheap. Even the local shops offered better value for money which is amazing considering the size of this place.Security is good as you have to check any bags in before you go to the airport style gates.The best part of it is the supermarket which is well stocked but again quite expensive in my opinion.",3.0 of 5 bubbles,"February 24, 2020",3,2020-02-24
Hardy_s_Sanur,"Have shopped here many times over the years during our visits to Sanur, have lots of different foods in downstairs supermarket and lots of clothing,toys, souvenirs etc. upstairs. All items are at fixed prices and generally can be bought cheaper elsewhere.Groceries- try Coco Mart or Popular Express.",3.0 of 5 bubbles,"February 17, 2020",3,2020-02-17
Hardy_s_Sanur,I enjoyed this place. Got to browse and try on clothes without being hassled. Prices are very reasonable clothes and shoe wise. Souvenir wise they might be a bit overpriced but again not being hassled is worth the extra 30cents i'd gain for me.,5.0 of 5 bubbles,"February 13, 2020",5,2020-02-13
Hardy_s_Sanur,"Most of the stuff in there can be bought on the street for much less.  Still, a nice place and well presented.",3.0 of 5 bubbles,"February 7, 2020",3,2020-02-07
Hardy_s_Sanur,"Two levels of goods.  Grocery section downstairs but the smell was overwhelming and we were unable to shop here.  Looked clean.  Went upstairs to other products and purchased some clothing, shoes and giftware.  All reasonably priced but not cheap.  You could most likely barter cheaper prices with stall holders.  Good if you are short on time and need to shop quickly.  Wouldn't rush to this place as I am sure there are other places that would be better.",3.0 of 5 bubbles,"January 20, 2020",3,2020-01-20
Hardy_s_Sanur,Found Hardy‚Äôs to be worth a short walk from the hotel. They had most things anyone would need. My wife picked up some ladies shorts from there. About double the price on the street but she does did not want to go through the hassle of haggling at the time and could take her time having a look. Lots and lots  of ladies clothes in particular upstairs. There is a very good supermarket for any groceries or fruit and veg you might need. There is also a wine store where we were able to grab some $20 - $30 AUD red wines.Be prepared to leave back packs at the storage counter out the front and they give you a number to collect it afterwards. They let us take in our small bum bags but that was it. I would not say it‚Äôs a must visit or anything but worth it if you need essentials. Much better than the small coco marts.,4.0 of 5 bubbles,"January 17, 2020",4,2020-01-17
Hardy_s_Sanur,"Unless you have a particular desire to browse without discussion and/or distraction I wouldn't bother. Overpriced souvenir stuff and average to below supermarket items. There is a deli meat and cheese section if you are craving that kind of food, but overall hardly worth the effort IMO. Wine store inside had plenty of choice if you are looking for a particular bottle.",2.0 of 5 bubbles,"January 14, 2020",2,2020-01-14
Hardy_s_Sanur,"It‚Äôs just a market and not really ‚Äúsomething to do.‚Äù The grocery section is pretty good with a great produce selection. Housewares, clothing, and stuff you can buy just about anywhere. You come here to buy food, mostly. There is a bookstore next door.",3.0 of 5 bubbles,"January 4, 2020",3,2020-01-04
Sanur_Morning_Market,"Went early, not ,much going on , some stalls selling fresh veg and meats but not all hall busy with traders. Ok for a look if you have never seen farmers market overseas before.",3.0 of 5 bubbles,"February 4, 2020",3,2020-02-04
Peek_A_Boo,Great place for the kids to stay fit and healthy while also learning new skills. Eugene is such a brilliant instructor and gets the most out of the children.,5.0 of 5 bubbles,"January 5, 2021",5,2021-01-05
Peek_A_Boo,"Perhaps a little tired looking but this is Asia not UK! Excellent little cafe in the middle with tea, coffee, burgers and good snack food. You'll need socks but only 10k and entry is 110k for 3hrs including two adults. Lots of toys, play areas, massive outdoor slide/run around combo with swings and inside in air-conditioning there are things like ballpits and play houses. Perfect for holiday escape from the heat. Would recommend for small children to let off steam.",4.0 of 5 bubbles,"February 19, 2020",4,2020-02-19
Le_Mayeur_Museum,"beautiful pieces of legendary artist home and gallery are not maintained well - that could be a significant place. managed by government? should be managed privately or by corporate  to have quality, cleanliness and maintenance. so sad.",1.0 of 5 bubbles,"July 9, 2021",1,2021-07-09
Le_Mayeur_Museum,"I live in Sanur and walk the beach most days, passing Le Mayeur museum every time I do, but I had never been inside before. I didn't know what to expect and kept open mind. I had however visited the Bali Museum at Jalan Mayor Wisnu in Denpasar. To be honest, Remco Koster's review of Le Mayeur nails it. By today's Western standards, this museum makes a very modest attraction. That said, I think it needs to be seen in context. It's the story of a Western painter who came to Bali before the advent of mass tourism and fell in love with a local Balinese woman. There's nothing earth shattering here.",1.0 of 5 bubbles,"February 2, 2020",1,2020-02-02
Le_Mayeur_Museum,If staying in Sanur do catch a cab to vist Le Mayeur museum. You will likely be the only one visiting and can walk through the 3 main rooms at your own pace. I especially loved the black and white photos of Le mayeur‚Äôs wife Pollock. You can sense what it would have been like to live here at a stone throw from the ocean. Some lovely paintings both of his time in Bali and in southern Europe.,4.0 of 5 bubbles,"January 25, 2020",4,2020-01-25
Le_Mayeur_Museum,"This museum is in a sad state; terrible maintenance, faded paintings (mostly replicas or terrible quality framed photos of paintings, no fan, no airco; nobody is interested to explain anything about anything; only to take the money. Don‚Äôt waste your time visiting this ‚Äòmuseum‚Äô.",1.0 of 5 bubbles,"January 11, 2020",1,2020-01-11
Le_Mayeur_Museum,"Located off the beachfront path the museum is well signposted. TA map is excellent for finding location.Admission charges apply - quite reasonable.Some of the artwork is original whilst some are substituted with photographs. The display cases of perspex are less than adequate to display - it is sometimes impossible to see the painting and certainly impossible to photograph. The art lacks vibrancy and fails to captivate me. The art does not appeal to me, but that‚Äôs not to says it‚Äôs poor or that it will not appeal to others. The presentation is poor and would benefit from renovation / modernisation. Le Mayeur‚Äôs model seems to have been a prisoner to his passions, but there again, who am I to comment. Personally it was a disappointing visit.",3.0 of 5 bubbles,"January 10, 2020",3,2020-01-10
Le_Mayeur_Museum,This was rated highly in our Lonely Planet guide to Bali. We were disappointed. There was an absence of information on the artworks many of which did not appear to be well preserved and which may soon be lost if not better cared for. There was nobody around to answer questions and possibly the most interesting thing to me was the opportunity to see the inside of a traditional Balinese house. I think there is so much more which could have been done with what was a fascinating subject. One thing which I thought was off was that there was no consideration of the fact a 57 year old man married a 15 year old girl after knowing her for three years. The other thing is that you should take care to ensure you have gone to the toilet before you get there.,2.0 of 5 bubbles,"January 4, 2020",2,2020-01-04
Arthamas_Express,I was a bit worried about getting boats from Bali to the surrounding islands after seeing some poor reviews. I travelled between Sanur and Nusa Lembongan twice with Artamus Express and would recommend them to other travellers. They include transfers both ends in the ticket price which is really helpful.,4.0 of 5 bubbles,"March 2, 2020",4,2020-03-02
Arthamas_Express,"i m very satisfied with them, their price is good also they didnt charge for my 2years (25months) old child, under3years old infant no need to charge, other companies dont charge under2. i was planning to stay at nusa lembongan for four days, they pick me up from my hotel which was at ubud and took me to the hotel where i booked at nusa lembongan.later i wanted to extend my stay at nusa lembongan and i contact with them and they changed my return ticket without any charge",5.0 of 5 bubbles,"February 6, 2020",5,2020-02-06
Arthamas_Express,"I bought sanur-nusa lembongan round trip ticket from its website, and used its arthamas20 code for 20% off. And they still gave me free Bali Hai beer! In short, the trip was felt 'professional'. In Sanur they have a check-in counter and boarding area (like in the airport), and in Nusa Lembongan they have their own restaurant property. The guy that picked us up from the hotel was on-time, professional, and informative. Feels that this company has a high working standard.",5.0 of 5 bubbles,"February 5, 2020",5,2020-02-05
Arthamas_Express,We found Arthamas Express very professional and punctual. I was concerned about some of the reviews I‚Äôd read about other companies but we felt extremely safe with Arthamas. There were plenty of visible life jackets under the seats and the staff were very helpful both in Sanur and Lembongan. The transfers from the airport and back to our accommodation in Seminyak were great too. Would definitely use them again. Thanks so much guys. üëçüèºüëçüèºüëèüèºüëèüèº,5.0 of 5 bubbles,"January 22, 2020",5,2020-01-22
Arthamas_Express,We booked the boat to lembongan from Ubud using Dangap dangap tours. The pickup and return were included in the price (200k per person each way) and we were picked up from outside our hotel at 10:15 (exactly when they said we would be). The journey from Ubud to Sanur tool about 40 mins and the fast boat takes about 30 mins to get to lembongan. I would recommend this company. Everything went smoothly and was very professional. They whatsapp you frequently to check there are no issues.,5.0 of 5 bubbles,"January 18, 2020",5,2020-01-18
Arthamas_Express,"Our hotel in Lembongan called the pick up service. We were informed that Arthamas car will pick up us up at 10:30 latest, the boat was scheduled to leave  11. We were early and waited 45minutes. Hotel whatsapped Arthmas driver several times and driver anserwered that he is coming. At 11:00 the hotel driver drove us to the harbour. We noticed that Arthamas driver was already there (so they forgot to pick us up) and the boat was about to leave. Luckily we handled the transportation by ourselves, otherwise would have missed the boat. the boat trip itself was tolerable, boat smaller than in the pictures, hard to fit three adults to next to each other. Luckily weather was ok, not too windy, but it was really really hot inside the boat.",2.0 of 5 bubbles,"January 6, 2020",2,2020-01-06
Karang_Beach,Karang beach is one of my fav beach in sanur because of the view that you could get here for sunrise is perfect!,4.0 of 5 bubbles,"May 10, 2021",4,2021-05-10
Karang_Beach,"If you're in Bali and look for yoga exercise on the beach for free, you should come to Karang Beach at Sanur. This beach is my favorite place to do yoga. The yoga practice starts at 7 am daily, everyone is advised to bring their own mat. Find your favorite spot to enjoy the exercise. Mine is under the tree and in front of the sea, where it isn't too bright and I still can enjoy the view. There's a professional yoga instructor who teaches yoga there. Karang beach is also famous for favourite spot to take sunrise. So you can come around 6 am and wait for the sunrise, then continue with yoga exercise. What I don't like about this place is, there are many dogs around while we're practicing yoga. And the beach is dirty in some areas. However, this beach is still a nice place to visit and to enjoy. Do yoga on the beach and stay healthy while you're on vacation!",4.0 of 5 bubbles,"December 30, 2020",4,2020-12-30
Karang_Beach,"Been coming here for years, and it's my favorite beach. Could be cleaner, but what couldn't. Friendly seaside bars and not too noisy.",4.0 of 5 bubbles,"April 24, 2020",4,2020-04-24
Karang_Beach,Very beautiful sunrise in bali. we love to see it. it was fantastic day in Bali. cycling in the morning here is one of the best experience i have ever got.,5.0 of 5 bubbles,"February 7, 2020",5,2020-02-07
Karang_Beach,This place is really famous among photographers to take sunrise. The location is at Sanur Beach and open for public. Come early morning to take the best moment when the sun rises.,5.0 of 5 bubbles,"February 1, 2020",5,2020-02-01
Karang_Beach,"Clean and well maintained site, none of the garbage you find in Kuta or Canggu. Lawnchairs and towels are available - at 50K per person - for the day. Lunch can even be ordered from the beach. Sit back, relax, get a tan - or a burn if not careful (I know) - and enjoy.",4.0 of 5 bubbles,"January 11, 2020",4,2020-01-11
Cemara_Beach,"This beach was close to our hotel and we loved it. It is just so relaxing and life takes on a different pace.This sand is clean and white and the sea very calm indeed. In fact you can walk out for a long, long way before it even reach your knees! Ideal for children or just paddling .We used it a lot for morning walks to get some exercise and work off the excesses of our holiday.",4.0 of 5 bubbles,"February 24, 2020",4,2020-02-24
Cemara_Beach,Love it that the waves are small on this beach. safe to swim and sit in the sun in the water. if you go deeper do wear beachshoes.,5.0 of 5 bubbles,"January 28, 2020",5,2020-01-28
Golden_Queen_Fast_Boat,"Boat service was fine no problems with it. We purchased a return trip with transfer to ubud which stated on ticket drop off ubud center. The driver said it was 50,000 more to get dropped off outside hotel (showed him on map where). I said no we have paid more than enough. He then proceeded to drop us off not in ubud central but the bottom of the road our accommodation was situated. He then drove with two remaining passengers up the same road our hotel is on leaving us behind in 30+¬∞ weather with two big suitcases and around 1km walk. Avoid these guys at all costs!!!! Shame on the driver and the company üò°üò°üò°",1.0 of 5 bubbles,"March 16, 2020",1,2020-03-16
Golden_Queen_Fast_Boat,"After reading all the reviews on the internet, I was so scared to travel with them. On 1 good review there was 6 bad ones, ppl reporting money being stolen from their luggages, loud music etc... I was soo scared, thank all of you... 1) in the Nusa Penida office they have a sign which literally says: we advise you not to store any valuables in the luggage going below the deck... So if you still do that... That's your own problem. 2) yes the music was loud as 7 hells, but in my trip it was mostly bc all of the ppl on the top floor of the boat, we're young ""kids"" going to party island and they were playing it... 3) Yes, the crew was smoking all the way to the harbour, but same as half of the passengers on the top floor... 4) yes, they were asking ppl if they want a beer, but if you aren't sure it's not for free (just think about this - nothing is for free in this world ü§¶üèΩ) ask the crew and don't write stupid reviews about them giving out ""what looks like free beer but it wasn't"" bc if you don't ask it's your problem. 5) ppl also complain about delays... Can't deny that, but my trip was even slightly faster than it should be. All depends on the weather. 6) They took us in the small boat which took us to the Golden Queen... Yes it's part of the trip, it was lil bit tricky but nothing undoable. Captain on my trip was very nice guy. I enjoyed it, even tho the music was too loud.",4.0 of 5 bubbles,"March 4, 2020",4,2020-03-04
Golden_Queen_Fast_Boat,"I got a boat to Gili Air from Sanur and then did the return trip 5 days later. Both tickets were sold as 3.5 hours in travel time. Both trips took around 5 hours. There is no forward planning with this service which means you can sit at docks for over 20 minutes. When docked, the boat is switched off which means air con is gone. The boat quickly becomes very hot and stuffy and the fumes from petrol get overwhelming and made me feel nauseous every time. One of the male boat crew took my bag at Gili Air for the trip back to Sanur. I noticed about an hour into the trip that he was at the back of the boat with my bag and was sleeping on it! He slept on it for at least an hour and a half after I noticed. I took my bag to sit with me after the boat docked at one of the stops. This man then came back to my row of seating and sat in the chair one seat down from me (3 seats per row) and blocked me and my bag in the row. There were plenty of other seats as the boat was mostly empty. After the next dock, I was the only person left in the cabin, yet he still loitered around me. As a solo female traveler, I felt quite uncomfortable. I wouldn't recommend this company. Their time management is terrible, their staff are either creepy or immature and smoke and muck around constantly. It's not a cheap company so spend your money elsewhere.",2.0 of 5 bubbles,"February 20, 2020",2,2020-02-20
Golden_Queen_Fast_Boat,"Caught the boat to Gili and it was 30 min delayed. Only seats left was on the top deck and the staff, who played too loud music without checking in on the customers. They seemed to want to have their own party. The worse thing however was the chainsmoking staff members, who lit cigarettes 50cm from your head (I couldn‚Äôt move to another seat because there were none, and frankly, I shouldn‚Äôt have to move seat because of the staff )... they didn‚Äôt seem to be bothered by trickering my asthma attack with their non-stop smoking. The staff were mainly there to service themselves. Would not recommend.",2.0 of 5 bubbles,"February 18, 2020",2,2020-02-18
Golden_Queen_Fast_Boat,"I had three boat transfers in Bali and this was by far the worst one! Do no use! Spare yourself the pain. The crew is unprofessional (dancing singing), inappropriate music is being blasted for 2 hours straight and the crew is constantly smoking (as can be seen in the picture I'm uploading).Avoid at all cost!",1.0 of 5 bubbles,"January 19, 2020",1,2020-01-19
Golden_Queen_Fast_Boat,"I don‚Äôt know what are other people talking about, but if you are not a magic idiot or aussie - it is the best boat service around Bali and islands. Comfortable fast boat, cold beers during the trip (yes it‚Äôs paid) and transfer to the Villa, and only 200k IDR more than a regular boat with tons of tourists. Easy check-in, and comfortable seats. Will recommend to all of my friends!!!",5.0 of 5 bubbles,"January 15, 2020",5,2020-01-15
Golden_Queen_Fast_Boat,"men on boat walked around giving out beers to everyone while dancing and then after asked everyone to pay 40,000 idr which was stupid because they made out like it would be for free. Then they turned the music off and made us do the journey in silence because they were annoyed people had an issue with the drinks. Very rude and AWFUL service DO NOT GO WITH THEM",1.0 of 5 bubbles,"January 10, 2020",1,2020-01-10
Semaya_One_Fast_Cruise,"Bus shuttle from Ubud was 40 minutes late, even they only picked up 3 other people before us. small shuttlebus. payed 250.000 pp, inclusive the shuttlebus to Padangai, and the ferry.Ferry docs was crowded with people selling stuff. We had no idea where the ferry would leave from. Had to bring all our bags ourself, unlike other campanies that will take your larger bags, and bring them in/out of the boat. While ferry arrived, the passengers had a hard time to leave the boat and collect their bags. Some were in the back, some in the front - No information were given.. And the place was allready to packed to move around. and people waiting to get onboard was waiting forever to board the boat. Trying to bring the bags to the back of the boat first, only to be told to go forward. All while roasting the the sun, and beeing stressed. No real information given.after the struggle to get onboard, Tiny window trough the side. The boat was superpacked. people and bags crammed together. terrible small seats. My friend is 161, and her knee was jamed into the seat in front. unable to move .Bags in the middle is the aisle, could not move around. Warm as a terrible sauna. Horrible stank of sweatwindows along the side of the boat was leaking water in, but still we had to keep them open to get some fresh air in. Door and emergency point were tied down with ropes. Deathtrap if anything were to go wrong. like a fire. Internet sites, booking and their times are not updated. Normally I don't bother writing the bad reviews, but this company deserve every bad review they can get. we used 3 different companies, and I wouldn't get on this boat again, even if they gave me money. Had a good experince with crown fast cruices, going from Nusa Penida to Sanur.",1.0 of 5 bubbles,"March 22, 2020",1,2020-03-22
Semaya_One_Fast_Cruise,"I‚Äôm aware that most reviews are very negative on here however I travelled with Semaya and whilst timings were a bit off (but that‚Äôs just standard in Asia), we couldn‚Äôt fault them. From booking, to pick up, we felt like they were a well run, informative company. Yes the boats are hot and full but they‚Äôre a business!! Why wouldn‚Äôt they sell tickets until the boat is full?? Unfortunately we had to leave the island early due to coronavirus and wanted to keep the island virus free. We found this out from the man who sold us our tickets in Sanur, he actually rang us about 10 times to check we were ok. We were given clear instruction on where to go when and yes we had to wait but it wasn‚Äôt ridiculous and in light of the situation it was pretty calm. Our bags were loaded on and off by the employees with no trouble, and my bag was heavy!! Just be aware that taxi drivers swamp all boats when they arrive back from the islands which is a bit disconcerting but again, we were warned by the company as they gave us a free shuttle afterwards to Seminyak. As long as you understand that you have to wait in Asian countries then it‚Äôs a decent option. If you don‚Äôt like waiting, don‚Äôt go to Asia üòÜ",4.0 of 5 bubbles,"March 18, 2020",4,2020-03-18
Semaya_One_Fast_Cruise,"A bad experience both ways!The boat was almost an hour late departing toLembongan. When we returned there was no transport we waited and waited whilst continuing to ask when the driver would arrive. We ended up arranging and paying for another driver ourselves! Terrible service and it‚Äôs not our first time with fast boats in Bali. We have used them on many, many occasions but this is however my only bad review. Do yourself a favor and travel with another company!",1.0 of 5 bubbles,"March 9, 2020",1,2020-03-09
Semaya_One_Fast_Cruise,"We took the fast boat from bali to nusa penida with a return trip and two bus transfers included.The boat was an hour late to nusa penida and we stopped mid trip due to the engine cutting out and were therefore just bobbing around for 10 minutes. The boat back was slightly better but still arrived late.When it got to the return bus transfer back to Canggu Central, It got even worse. Our driver dropped us at the bottom of Seminyak and told us to get out as we were here. We told him we weren't in central Canggu as we have knowledge of the area and the driver began to flip out. He started shouting ""fine I'll drop you back at the port then"" to which we obviously said no. We were so far away to from central Canggu we stopped the bus from leaving. The driver started swearing at us and at one point tried pushing us out the way of the bus. We had to get a taxi to central Canggu which was 70k which just shows how far we actually were. The whole thing was an absolute con! P.s. I've attached some beautiful photos of our c*** of a driver so you know who to avoid :)",1.0 of 5 bubbles,"March 8, 2020",1,2020-03-08
Semaya_One_Fast_Cruise,I felt like a cattle getting transported to the slaughter house. Perhaps at the end of the trip I forgot that I am human.The speed boat (?Sheep Goat) arrived 30 minutes late and sadly everyone including little children had to wait for another hour in the hot burning Sun as they had engine issues which was being fixed. It Appears like staff are overworked as they were the only Balinese people I saw who were literally yelling at their customers.The boat stopped in the middle of the ocean.I normally don't write a review but this time I was compelled so that others can at least choose a another safe boat.,1.0 of 5 bubbles,"March 3, 2020",1,2020-03-03
Semaya_One_Fast_Cruise,"It gets you from a to b but you'll have to do some fighting. I took this ferry from bali- Gili T and back. The trip over was fine, no drama. The trip back was awful; the ferry was over 2h late but that's fine,it happens with other ferry companies as well. However as it was the last ferry, we ended up getting to Sanur after 7pm. It was dark and raining and everyone just wanted to get home. The staff quickly gathered us for the shuttles and then it all went wrong. They started asking for more money to get a drop off directly to the hotel (they asked me for 200k, otherwise they said they would just drop me off in Central seminyak and that it would take at least 4h). I obviously refused to pay, as I had made sure I paid for a return hotel shuttle when I booked my tickets. They tried to get other people pay 300k extra EACH L, otherwise they would put them on a bus with 25 other people and it would take 6h to get to seminyak.These were all lies. The shuttles don't even take more than 15ppl or so.As expected, no body paid and everyone got dropped off at their hotels and I was in  Seminyak in 2h.I have been in Bali for almost 2 year and NEVER have I been lied to so badly. This company is a disgrace and seeing how they tried to take advantage of their guests was disgusting. Surely the staff just wanted to keep the money for themselves...Never again. Please don't support them, there are other same prized companies that won't lie to your face.",1.0 of 5 bubbles,"March 2, 2020",1,2020-03-02
Semaya_One_Fast_Cruise,"Worse ferry experience ever. To go from Nusa Penida to Gili T it took almost 6 hours. 3 stops and 1 transfert (that took 2 hours standing on the pier crowded on the sun). Everything is chaotic and non efficient. Once on the boat the bad experience continues... too crowed, dirty, wet, smelly, bad seats, no air conditioning and windows closed because of the water coming in. Suffocating! Arrival on the beach, your luggage are thrown on the sand and water. To get back from Gili to Bali, same thing! Both trips the boat was 1 to 2 hours late. BAD BAD BAD experience. Please take an other company!!!!",1.0 of 5 bubbles,"February 27, 2020",1,2020-02-27
Semaya_One_Fast_Cruise,"AVOID!!! AVOID!!! AVOID!!! Forget about no Air conditioning, nasty odor, and 2 hour late departures (and arrivals) Major safety issues!!! All doors get locked and tied up by a ROPE!! The luggage gets piled in front of all exits and in the aisles. In case of emergency, all 150 people would die! I'm telling this as an experienced pro swimmer.  I hope they will be shot down one day before, someone gets hurt.",1.0 of 5 bubbles,"February 24, 2020",1,2020-02-24
Semaya_One_Fast_Cruise,"Pretty much just cattle transport. Staff was tired and irritated. They made a very good job making me and my family feeling like meat transport instead of making it to a nice cruise back to Bali. Relay on the ads and choose freebird instead of you want to enjoy the ride!If you're only out to save money, then this is the company for you!",2.0 of 5 bubbles,"February 23, 2020",2,2020-02-23
Semaya_One_Fast_Cruise,"Good: CHEAPBAD: EVERYTHING! Don't ever book this boat going to Gili islands. Hot, overcrowded, late and unorganized.",1.0 of 5 bubbles,"February 21, 2020",1,2020-02-21
Semaya_One_Fast_Cruise,"Yo, I read a lot of reviews for this company so believe me at the beginning I almost threw away my tickets after I bought them and was trying to buy new ones with different company. LUCKILY all the ships were fully booked so we sticked with Semaya One. I realized that actually all those reviews are wrote by a lot of sensitive people that probabbly came to Indonezia and have no clue that this country works a bit different then Western countries ! The guy in the Harbour told me that going earlier is better because of course the sea is calmer. He was right. But let's get to the whole experience. Of course it was full of people, but there was a lot free seats also. Of course it was a bit hot inside, but not like I read here of course. Ships jumped couple times, but it's the small ship not a cruise on a damn open sea, what do you expect ? We travelled with 5 kids, none of them had an issue.Crew didn't speak that much, but if you read all the instructions in the boat, you will never get scammed. So don't show ticket to anyone in the harbour if you bought also transfer with shuttle, go straight to semaya one office and you are completely safe ! It's annoying to go thtu all of these scammers in the harbour, but once we left them behind we got an transfer with shuttle straight to our Villa in UBUD. No issues.Don't be scared, it's allright. I am pretty sure other companies are nearly the same.",5.0 of 5 bubbles,"February 19, 2020",5,2020-02-19
Semaya_One_Fast_Cruise,"Maybe the only bad experience through our Bali trip. Avoid using their services, if. Ot you will definitely regret it. Delays, terrible conditions in the boat and lies about the schedule all the time.",1.0 of 5 bubbles,"February 14, 2020",1,2020-02-14
Semaya_One_Fast_Cruise,I think most people know that any of the boat transfers to Gili T are fairly average. And they don't get particularly good reviews. This fast ferry used today. Was unusually bad. It was obviously late. It was packed with people and bags. At gili t  it was just a free-for-all. Once we got the pandang bay after a fairly horrible ride there was still more chaos. No one seems to be in charge. If I could find a better way to go to Gili T I definitely would.,1.0 of 5 bubbles,"February 10, 2020",1,2020-02-10
Semaya_One_Fast_Cruise,"Boat is super hot and packed, also was 1 hour late to pick us up. The really bad part of the experience was the ‚Äúshuttle‚Äù back to your hotel... packed 13 people in a 7 person van and tried to pack even more people in...driver wanted people to sit on the floor?? And then they don‚Äôt drop you off directly at your hotel so we ended up having to walk almost 30 minutes. Would have been way less hassle and more safe to just take a taxi (and probably the same price too). Wish we would‚Äôve read reviews prior to booking with this company.",1.0 of 5 bubbles,"February 9, 2020",1,2020-02-09
Semaya_One_Fast_Cruise,"AVOID this company if you can! Yes, thsi company is a bit cheaper than others,  BUT trust me, you will be happy to pay more first minutes when they will pickup you from yoru hotel or you load into the boat! It is dangeriously over crowded boat. I'm sure, they sell more tickets than the boat can carry, because some of passangers were standing. Boat crew are terrable, they offered my wife and my 5 years daughter to sit in separate rows of the boat, and when we told them that our child msut sit with mom or dad, they shoted "" that every time is the same"".. our luck some polike and understanding tourists changed their seets and we could sit together. The trip was very uncomfortable. Another story is the shuttle from Ubud to Padang Bai port - worst ride ever. The driver was late 1 hour and obviously in a hurry and drove so dangerously. We used many other boat companies before for travelling to Gilis and i can tell you this one is WORST! So one more time, please avoid and always ask travel counters when buying trip to gilis what company they are using.",1.0 of 5 bubbles,"January 26, 2020",1,2020-01-26
Semaya_One_Fast_Cruise,"We travelled from Gili T to Canggu. Our ticket cost RP250,000 each with a bit of haggling. The guy said this includes a bus straight to our hotel. On Gili T, getting on the boat was fine and getting our ticket was fine. When we sat down we realised just how small and cramped this boat was, with people‚Äôs suitcases lining the sides of the gangway down the boat. There were air-con vents but no air-con. The windows had to be closed because the waves were kicking up water that was being blown in. We were sat about half way down the boat and we could not feel any air flow at all. There was some space at the back of the boat to stand with the staff but not much space for many people. Thankfully we had a small electric fan with us, if we didn‚Äôt have it we would have suffered. The whole boat journey took around 2 hours - stopping at Gili Air and Bangsal before heading to Padang Bai. When we finally reached Padang Bai, we were escorted by a guy telling us he was taking us to our shuttle bus (a minivan). The guy says it goes to Canggu town but not our hotel. I try argue with him but he says the guys on Gili T don‚Äôt know the rules in Bali (lame excuse). Taxis are all over offering to go direct for an hour journey instead of this shuttle bus which takes 3-4 hours. We decide to stick with the minivan. My friend and I are crammed at the back with the bags - thankfully we‚Äôre not big people or we would‚Äôve been squashed. The journey takes around 90 minutes - not 3-4 hours like they kept saying. It stops somewhere random in Canggu. The driver says we can pay an extra RP100,000 to be dropped off at the hotel. I‚Äôm pissed off now. Lied to twice and not at our hotel - the driver shrugs. He doesn‚Äôt care. My friend has already booked us a Grab car for cheaper and we finally put an end to the worst journey we‚Äôve ever had in Bali. I‚Äôll never travel with them again - neither should you.",1.0 of 5 bubbles,"January 20, 2020",1,2020-01-20
Semaya_One_Fast_Cruise,"Worst experience ever. Ended up being sick over the back of the boat as staff watched. Boat is far too hot, no airflow or AC. Extremely dangerous and not worth the risk!! Use Eka Jaya!!!",1.0 of 5 bubbles,"January 16, 2020",1,2020-01-16
Semaya_One_Fast_Cruise,There were too many people and too little space. You couldn‚Äôt breathe as there was no airflow. It was the worst Bali experience during our honeymoon.,1.0 of 5 bubbles,"January 16, 2020",1,2020-01-16
Semaya_One_Fast_Cruise,"I usually did not write reviews but i can not hold myself in writing the review for Semaya one. I Traveled with Semaya one 3 times as recently as 2nd Jan and 4th Jan 2020. Before booking with them i have read all the reviews and i was prepared for all the consequences. I booked the fast boat to travel between Nusa Penida to Gili Air and Back to Bali. The online price was showing was very high. So as suggested by many fellow traveler, i decided to book the boat by going to Harbor. The price i got was 350.000 IDR (Because first they will transport me to Padang Bai and then to Gili Air) as there is no direct Fast boat from Nusa Penida to Gili Air. The boat was little late while leaving from Nusa Penida. They gave us stickers which we need to stick to luggage and on our T Shirt. They organised our bags well. the journey from NP to PB was not that long. But we had to wait nearly 2 hours as the boat came late from Lombok. When we started boarding they organized the luggage well, Gili T passengers they put luggage separately, Gili A and Lombak they put luggage separately. Pretty good. They had given clear instructions. The journey was smooth and Bumpy but good. Return Journey they clearly mentioned that we have to tell them 1 day before when we to travel. I have seen many people just walk in and asking them to board. They were nice enough to board those people which leads to people standing in the boat lot of luggage. As a traveler we also should know if there are rules we need to follow them. I had informed them one day in advance and my name they put in the Boarding list. Smooth. While boarding there were clear instructions given on Harbor that once we reach Bali we have to go to their office in order to get free shuttle, do not hand over the shuttle pass to anyone on boat. Clear instructions given. I have read about the scam of taxi drivers do on the boat so i was relaxed. In the return journey like i said there were lot of people came at last minute because of which they were standing. I mean there should be some system to be followed by boat company (Thats the reason why i had given 4 stars in stead of 5 :)). Anyways the ride was bumpy because there was lot of rains and sea was a little rough. Sea Sick people were vomiting and the staff was providing them carry bags. We reach pretty much on time. Once we reach PB there were lot of drivers,touts came on boat and asking for taxi service many people give away their free shuttle pass to them (Which later had to pay a lot of money to travel to Bali Main land and these are the same people who will tell that they got scammed. If they follow the instructions they will not see the scam)  Long story short. You will get the service depending upon how much you pay. The return ticket from PB to Gili Air is 500.000 IDR. If you compare that with Eka Jaya or Golden Queen its less. Thats why there are no AC a little crowded. But i enjoyed the travel (I may be lucky) and definitely recommended",4.0 of 5 bubbles,"January 9, 2020",4,2020-01-09
Semaya_One_Fast_Cruise,DONT USE THIS SHIP!!!!!!! we booked boat to gili and from gili to bali. our boat didnt leave at all and when we tried to get our money back they blocked our numbers and wouldnt give money back. They also wont answer any calls or text! DO NOT USE THIS COMPANY!!!!!!!!!!!,1.0 of 5 bubbles,"January 6, 2020",1,2020-01-06
Mangrove_Information_Centre,Our local driver took us there as something local to the airport before our flight. He was disgusted at what they tried to charge us a tourists. 20k when he came with his family per person but 200k for us as tourists. He advised us not to pay as perpetuates the scam. He showed us some parts of it on the drive back out to the exit. Lots of garbage. Took photos to educate the pupils at my school back on UK.,1.0 of 5 bubbles,"February 22, 2020",1,2020-02-22
Sri_Rejeki_Express,Sri Rejeki is a well organised company. The process to check in at Sanur was great as was the boat trip. Our price included transfers from our hotel in Legian to Sanur and then from the beach in Lembongan to our hotel. And back again the other way from our hotel to the boat and then a transfer onto our resort in Seminyak. It was very seamless. We would definitely use Sri Rejeki Express again the next time we head to Lembongan.,5.0 of 5 bubbles,"March 16, 2020",5,2020-03-16
Blanjong_Inscription,"If history is your thing, this is well worth a visit. Yes it is not exciting but what would you expect a stone carving to do?",5.0 of 5 bubbles,"June 26, 2020",5,2020-06-26
Blanjong_Inscription,We had visited Sanur several times we had driven past this historical site time and time again with out know it was there.  One day after googling something to see in Sanur it came up .  Its one of the oldest historical sites in Indonesia. Make sure you visit,5.0 of 5 bubbles,"May 27, 2020",5,2020-05-27
Blanjong_Inscription,"nice simple and relaxing place, very nice staff, they serve a very good nasi campur and a delicious hamburger",4.0 of 5 bubbles,"January 8, 2020",4,2020-01-08
Taman_Inspirasi_Mertasari,"Now the Chinese tourism is low the horses are not fed anymore. They are starving! I sneaked in early morning and took pictures. If you are in Bali, go there and tell them this isn't good! I spoke to the owner (?) he told me the vet had just gone. Not true of course. Help these horses when you are in Bali!!",1.0 of 5 bubbles,"March 5, 2020",1,2020-03-05
El_Rey_Junior_Fast_Cruise,"I booked a day trip to Nusa Penida with my girlfriend. Taxi transfer collected us at 6:30 am to head to the dock to get the boat to Nusa Penida. Boat was fine have no complaints about that. When we arrived in Nusa Penida we were put into a taxi with another couple. When we booked this tour it was advertised as a private taxi with air-conditioning. I've no problems sharing a taxi if it's advertised as sharing but why say private taxi when it's not. When we got into the taxi we noticed there was no air-conditioning. The other couple in the taxi with us decided to make a complaint to the head office because we were not going to be stuck in a car with no air-conditioning for 8 hours when it is 30 degrees outside and if we weren't getting a car with air-conditioning we wanted a refund. The manager we spoke to informed us that when we reached the next desitination (broken beach) we would get a new taxi with air-conditioning. When we reached the next destination we were informed that the other couple in the car would be moved to another car with air-conditioning but we would be left in the taxi without air-conditioning. Why is it ok to treat people like this? We paid the same amount as the other couple but we were left in the car without air-conditioning. We rang the manager we spoke to earlier and she couldn't see the problem. I've never been so frustrated in my life speaking to someone so incompetent. We refused to continue in the taxi without air-conditioning until they had a resolution to the problem. We explained that we wouldn't off left the harbour if we knew that we wouldn't of been in a car with air-conditioning as advertised in there day trip. We wanted a refund as for the amount we paid we should have been treated better, the manager said that we couldn't get a refund as we already left the harbour. It's a joke, I honestly will never use your company due to your customer service being the worst I have encountered in my life. In the end we just continued in the car without air-conditioning instead of dealing with your manager. At the end of the tour someone from the company approached us to see if we wanted to book another trip and we told him where to go. Don't bother using this company, it's not worth it.",1.0 of 5 bubbles,"March 13, 2020",1,2020-03-13
El_Rey_Junior_Fast_Cruise,"This was a very disappointing experience with many safety and health concerns.We were picked up from our hotel at 6.15 am and taken the Sanur. The drivers did not speak any English and was hard to get any additional information. We were only able to pay in cash which meant we needed to carry in excessive of $1500 to pay for the privilege. We were all loaded into the ferry (not boat) and were required to wait an additional 30 minutes in a very crowded ferry for 2 passengers who were running late!! It was extremely hot in the ferry and many people started to feel unwell. There was no instructions on life jackets or location or any evacuation plan available. On arrival at the island there was very little information on the tour. We were taken to a small room to get our fins fitted. They did not have enough fins to go around and we were told it didn‚Äôt matter as ‚Äúyou won‚Äôt be snorkelling anyway‚Äù we I challenged them that said they can give me a life jacket to swim with instead. The life jackets were in poor condition with broken buckles and tied.During the booking process we were told we would be provided with water, towels, lunch, a guide and insurance. We were provided with 300mls of water each, on request and we asked for more we were told ‚Äúno more ‚Äù!.  Due to no instructions we were required to get changed on the boat. (No one want to see a 50 year old changing into her bathers - I can tell you right now!). The guide told us to stay with him, however did not wait for the weaker swimmers. No towels were provided, until we returned to the island. Be aware There are no toilets stops on the tour boat!Lunch is street food, The menu contained spring rolls -which we felt would be safe to eat, we were told they were sold out. However when paying customers come in they were served spring rolls. On complaining numerous times they served us spring rolls too. All other food was served luke-warm with precooked eggs. The following day 4 people from our party became unwell with vomiting. On returning to Sanur we travelled on a ferry which was in poor condition, with broken seats and  the lock on the front exit was broken so the crew tied the only front exit shut with rope, which would have prevented us leaving the vessel in an emergency. On returning we were transferred back to the hotel as part of the package. Both drivers drove erratically with one driver, on many occasions, driving on the wrong side of the road to pass traffic build up  and drove excessively fast. We are all well travelled, and have been to Bali many time before and undertaken many tours in the past and this would be the most disappointing operator we have experienced. In saying of this I would recommend doing the snorkelling, however not with this company.",1.0 of 5 bubbles,"March 1, 2020",1,2020-03-01
El_Rey_Junior_Fast_Cruise,This afternoon we took the fastboat from el rey junior to Nusa Penida.Yes it is true that in Sanur you have to walk in the water for a bit to get to the boat BUT you have to do this with every company. They were very kind and even gave me a piggyback to get to the boat dry as my foot has an injury and should not touch the water.Also they carried all our luggage to and from the boat.The boat was on time and the cruise was very calm even though we heard it is better to go in the morning.,5.0 of 5 bubbles,"February 8, 2020",5,2020-02-08
Tanis_Lembongan_Express,"Had a hard time choosing which ferry company because none of them sounded good, so we took the one the man at our homestay recommended - a GOOD choice. Departed at time, not crowded, possible to get your backpack inside, helpfull staff overall a good experience.",5.0 of 5 bubbles,"March 14, 2020",5,2020-03-14
Tanis_Lembongan_Express,"We travelled to Nusa Lembongan from Sanur and back again on A Tania express boat.Old as the hills, decrepit, filthy, no life jackets, front windscreen held together with gaffer tape, no fire extinguishers, 2 life saving rings, no air con and tiny. On the way back one of the engines blew in the middle of the ocean. We then proceeded to travel the rest of the way on one engine at half speed. Worst fast boat experience I have ever had.",1.0 of 5 bubbles,"March 12, 2020",1,2020-03-12
Tanis_Lembongan_Express,"My wife and I just arrived at Nusa Penida and it was definitely not the first impression we had hoped for.  We paid at Sanur booth and we were told this included transfer to our hotel.  I confirmed this 3 times and all 3 times I was told ""don't worry, someone will be waiting at the dock to give you a ride to your hotel"". The boat was late boarding and leaving. When we arrived at Nusa Penida and transferred to another smaller boat, I asked a few crew members who I was supposed to meet when we got on shore, they blew me off.  When we got to the beach, the boat was immediately flooded with cab drivers and I wanted to make sure we were picked up (as we'd already paid for transfer to hotel), the 3 guys on the boat I tried asking totally blew me off and the one who understood English told me to just get off the boat and there would be someone there.  We got our bags and kept telling drivers we had paid for transit, so didn't need a ride.  We kept asking and everyone said they had no idea, so we went to the Tanis booth.  There were 5 guys there only 1 spoke English and he said ticket only was for boat.  This was what I had anticipated at the harbor and been assured would not happen.  A cab driver tried helping, calling our contact back on Bali, but everyone said oh no it's just the boat tickets, no transfer.  There was another group of 4 people who were in the same situation, they had paid for boat ticket and transportation to hotel and had no transfer on arrival.  All 6 of us ended up just paying to get to our rooms a second time, but not a great first impression at all.All I can say is have low expectations for service and make sure you get a ticket that shows PROOF that transfer is included, don't just trust there will be someone waiting for you.",2.0 of 5 bubbles,"January 13, 2020",2,2020-01-13
